model,pk,email,user_name,first_name,last_name,about,is_staff,is_active,email_verified,is_agent,password
Authentication.MyUser,1,jeronie0@tripod.com,jeronie0,Janessa,Eronie,Quality-focused composite concept,TRUE,FALSE,FALSE,FALSE,dwLH68UuF
Authentication.MyUser,2,cbrisse1@miitbeian.gov.cn,cbrisse1,Catie,Brisse,Fully-configurable cohesive conglomeration,TRUE,FALSE,TRUE,TRUE,B1DpsK
Authentication.MyUser,3,rmattiacci2@auda.org.au,rmattiacci2,Rennie,Mattiacci,Multi-layered regional hub,FALSE,TRUE,TRUE,FALSE,gpBxTgbWKj
Authentication.MyUser,4,lclunan3@time.com,lclunan3,Leoline,Clunan,Total well-modulated data-warehouse,FALSE,FALSE,TRUE,FALSE,oZqpBxxGQ
Authentication.MyUser,5,tburbage4@simplemachines.org,tburbage4,Thatch,Burbage,Networked solution-oriented success,TRUE,TRUE,FALSE,TRUE,aYRcLuBFs
Authentication.MyUser,6,skemish5@mac.com,skemish5,Staffard,Kemish,Vision-oriented contextually-based matrix,TRUE,FALSE,TRUE,TRUE,ZHfE5xkj
Authentication.MyUser,7,ejolliffe6@youku.com,ejolliffe6,Elvera,Jolliffe,Networked object-oriented emulation,FALSE,TRUE,TRUE,TRUE,qXatYO
Authentication.MyUser,8,mjakoub7@oracle.com,mjakoub7,Modestia,Jakoub,Implemented tangible standardization,FALSE,FALSE,TRUE,TRUE,clcpwFX
Authentication.MyUser,9,cfreiburger8@php.net,cfreiburger8,Clint,Freiburger,Object-based neutral project,TRUE,TRUE,FALSE,FALSE,lYi6mEVT16r
Authentication.MyUser,10,asich9@so-net.ne.jp,asich9,Andres,Sich,Reduced eco-centric methodology,TRUE,FALSE,TRUE,TRUE,N9gxVzN9gVIS
Authentication.MyUser,11,jcumpstya@webs.com,jcumpstya,Jolee,Cumpsty,Open-architected attitude-oriented open architecture,TRUE,FALSE,TRUE,TRUE,uoClnn
Authentication.MyUser,12,tbroomb@goo.ne.jp,tbroomb,Tracey,Broom,Cross-platform zero tolerance artificial intelligence,TRUE,FALSE,FALSE,FALSE,uhg9YCU
Authentication.MyUser,13,tbumphreyc@soup.io,tbumphreyc,Teressa,Bumphrey,Exclusive 24 hour utilisation,FALSE,FALSE,TRUE,FALSE,uYlBcgO3e
Authentication.MyUser,14,psteptowed@macromedia.com,psteptowed,Petronille,Steptowe,Right-sized content-based customer loyalty,TRUE,FALSE,TRUE,FALSE,WIVn6biFFXg
Authentication.MyUser,15,mquaree@bluehost.com,mquaree,Mandie,Quare,Total demand-driven process improvement,FALSE,TRUE,FALSE,FALSE,ypQXLw
Authentication.MyUser,16,pjarryf@newsvine.com,pjarryf,Pryce,Jarry,Pre-emptive user-facing array,FALSE,TRUE,TRUE,FALSE,XFb6XFY6R4
Authentication.MyUser,17,kewing@yahoo.com,kewing,Kristy,Ewin,Total transitional firmware,TRUE,TRUE,FALSE,FALSE,pHg1R1M5lYZ
Authentication.MyUser,18,ecoghlinh@ycombinator.com,ecoghlinh,Evin,Coghlin,Public-key upward-trending analyzer,FALSE,FALSE,TRUE,FALSE,tBXYHtF4
Authentication.MyUser,19,dbethami@bravesites.com,dbethami,Desiri,Betham,Stand-alone local archive,FALSE,TRUE,TRUE,FALSE,WefcZVc1OLh
Authentication.MyUser,20,gmeiklamj@mlb.com,gmeiklamj,Guinna,Meiklam,Synergistic optimal capability,TRUE,TRUE,FALSE,TRUE,Y5e8Q9
Authentication.MyUser,21,omcowank@youku.com,omcowank,Odelinda,McOwan,User-friendly holistic emulation,TRUE,FALSE,FALSE,FALSE,7FkuBJyKcfR1
Authentication.MyUser,22,kmewtonl@disqus.com,kmewtonl,Kev,Mewton,De-engineered object-oriented interface,TRUE,TRUE,FALSE,FALSE,uiZ96dalcQNY
Authentication.MyUser,23,dhazellm@cnet.com,dhazellm,Dunc,Hazell,Multi-layered analyzing implementation,FALSE,TRUE,TRUE,FALSE,nlHtw6GLSe
Authentication.MyUser,24,iredselln@webnode.com,iredselln,Isaak,Redsell,Assimilated content-based framework,FALSE,FALSE,FALSE,FALSE,7PAZxhD1fanP
Authentication.MyUser,25,vcondito@unicef.org,vcondito,Vicki,Condit,Upgradable executive flexibility,TRUE,FALSE,TRUE,TRUE,HcL79WSn
Authentication.MyUser,26,gbugbyp@clickbank.net,gbugbyp,Gwynne,Bugby,Managed mission-critical help-desk,FALSE,TRUE,FALSE,FALSE,pvHps44V
Authentication.MyUser,27,elonglandsq@google.es,elonglandsq,Eddy,Longlands,Innovative motivating time-frame,TRUE,FALSE,FALSE,TRUE,CmuSocc
Authentication.MyUser,28,sboagr@reference.com,sboagr,Spense,Boag,Exclusive background focus group,FALSE,FALSE,FALSE,TRUE,DwMSAo0dzdm
Authentication.MyUser,29,jpavliks@nature.com,jpavliks,Johnnie,Pavlik,Up-sized attitude-oriented collaboration,TRUE,TRUE,FALSE,TRUE,UuMaUKacHi
Authentication.MyUser,30,jbrookhouset@auda.org.au,jbrookhouset,Jeri,Brookhouse,Quality-focused exuding secured line,FALSE,TRUE,FALSE,FALSE,I2NrjKBpwIpZ
Authentication.MyUser,31,mhurburtu@timesonline.co.uk,mhurburtu,Michele,Hurburt,Realigned non-volatile frame,FALSE,FALSE,FALSE,FALSE,RLYBepADC
Authentication.MyUser,32,abrandtv@behance.net,abrandtv,Anthiathia,Brandt,Visionary context-sensitive info-mediaries,FALSE,FALSE,FALSE,FALSE,qS7C9iTDndM
Authentication.MyUser,33,wcapellw@bloglines.com,wcapellw,Winne,Capell,Programmable intermediate policy,TRUE,TRUE,FALSE,TRUE,YlBu8Qqi
Authentication.MyUser,34,glegricex@goo.gl,glegricex,Gayle,Legrice,Optional 24 hour help-desk,FALSE,TRUE,FALSE,FALSE,B2SF7Z
Authentication.MyUser,35,eillstony@printfriendly.com,eillstony,Edik,Illston,Robust user-facing encryption,FALSE,FALSE,TRUE,TRUE,EKK5YzwaPw
Authentication.MyUser,36,tnearsz@gmpg.org,tnearsz,Tobey,Nears,Versatile discrete initiative,TRUE,TRUE,TRUE,FALSE,EXkFtnpEoV
Authentication.MyUser,37,gmoroney10@livejournal.com,gmoroney10,Gianna,Moroney,Reduced upward-trending hierarchy,TRUE,TRUE,FALSE,TRUE,pCDfeH
Authentication.MyUser,38,gmeas11@blogs.com,gmeas11,Gerry,Meas,Profit-focused grid-enabled concept,FALSE,FALSE,TRUE,FALSE,6GCelQq
Authentication.MyUser,39,asmee12@wired.com,asmee12,Athena,Smee,Phased incremental algorithm,TRUE,TRUE,FALSE,TRUE,yVNFhcOP
Authentication.MyUser,40,bgaskin13@gmpg.org,bgaskin13,Breena,Gaskin,Multi-lateral multi-tasking matrix,FALSE,FALSE,TRUE,FALSE,72sGgB8cSV8
Authentication.MyUser,41,ojoyson14@stanford.edu,ojoyson14,Odetta,Joyson,Distributed asynchronous support,FALSE,TRUE,FALSE,FALSE,GI2HWlnO
Authentication.MyUser,42,rpimlett15@blog.com,rpimlett15,Rubin,Pimlett,Vision-oriented eco-centric frame,FALSE,FALSE,TRUE,TRUE,XbKQp0gPY2V
Authentication.MyUser,43,dmussington16@blogger.com,dmussington16,Daveta,Mussington,Visionary 24 hour firmware,FALSE,TRUE,FALSE,TRUE,r9pfbAKEVd
Authentication.MyUser,44,hpowelee17@ehow.com,hpowelee17,Hanni,Powelee,Assimilated asynchronous process improvement,FALSE,TRUE,TRUE,TRUE,TfKe0KRa5
Authentication.MyUser,45,bworgen18@pcworld.com,bworgen18,Brier,Worgen,Vision-oriented fresh-thinking contingency,FALSE,FALSE,TRUE,TRUE,mh28nfV
Authentication.MyUser,46,tkunzler19@zdnet.com,tkunzler19,Tresa,Kunzler,Expanded scalable secured line,TRUE,FALSE,TRUE,TRUE,46qYNp
Authentication.MyUser,47,souldcott1a@woothemes.com,souldcott1a,Sax,Ouldcott,Profit-focused directional knowledge base,FALSE,FALSE,TRUE,FALSE,O8yejcE84jK
Authentication.MyUser,48,evedenisov1b@usda.gov,evedenisov1b,Ema,Vedenisov,User-centric uniform extranet,FALSE,FALSE,TRUE,TRUE,LHG2OrG3zaB
Authentication.MyUser,49,lswinnerton1c@wsj.com,lswinnerton1c,Lucinda,Swinnerton,Operative homogeneous service-desk,TRUE,TRUE,FALSE,FALSE,5Xv4LQ
Authentication.MyUser,50,emcmeekan1d@networkadvertising.org,emcmeekan1d,Emogene,McMeekan,Future-proofed cohesive function,FALSE,TRUE,FALSE,TRUE,Jg0hVO3k
